candidate,candidate_passed,candidate_score,common,delta_percentage_points,fix_count,fixes,group,mcnemar_exact_p,net,reference,reference_passed,reference_score,regression_count,regressions,same
low,130,0.8666666666666667,150,8.666666666666668,16,"[""full/bugfind-15/BF-12"", ""full/cli-40/CLI-02"", ""full/cli-40/CLI-04"", ""full/cli-40/CLI-07"", ""full/cli-40/CLI-09"", ""full/cli-40/CLI-10"", ""full/cli-40/CLI-12"", ""full/cli-40/CLI-15"", ""full/dataextract-15/DE-14"", ""full/hermesagent-20/HA-02"", ""full/instructfollow-15/IF-02"", ""full/instructfollow-15/IF-10"", ""full/instructfollow-15/IF-14"", ""full/reasonmath-15/RM-06"", ""full/reasonmath-15/RM-13"", ""full/toolcall-15/TC-03""]",awq-int4/full,0.004425048828125,13,off,117,0.78,3,"[""full/cli-40/CLI-32"", ""full/cli-40/CLI-40"", ""full/hermesagent-20/HA-11""]",131
medium,129,0.86,150,8.0,16,"[""full/bugfind-15/BF-12"", ""full/cli-40/CLI-02"", ""full/cli-40/CLI-04"", ""full/cli-40/CLI-09"", ""full/cli-40/CLI-12"", ""full/cli-40/CLI-14"", ""full/cli-40/CLI-15"", ""full/dataextract-15/DE-10"", ""full/hermesagent-20/HA-02"", ""full/hermesagent-20/HA-08"", ""full/hermesagent-20/HA-17"", ""full/instructfollow-15/IF-02"", ""full/instructfollow-15/IF-10"", ""full/instructfollow-15/IF-14"", ""full/reasonmath-15/RM-13"", ""full/toolcall-15/TC-03""]",awq-int4/full,0.01181793212890625,12,off,117,0.78,4,"[""full/cli-40/CLI-32"", ""full/cli-40/CLI-40"", ""full/dataextract-15/DE-04"", ""full/instructfollow-15/IF-04""]",130
xhigh,135,0.9,150,12.0,20,"[""full/bugfind-15/BF-12"", ""full/cli-40/CLI-02"", ""full/cli-40/CLI-04"", ""full/cli-40/CLI-07"", ""full/cli-40/CLI-08"", ""full/cli-40/CLI-09"", ""full/cli-40/CLI-12"", ""full/cli-40/CLI-14"", ""full/cli-40/CLI-15"", ""full/cli-40/CLI-19"", ""full/dataextract-15/DE-10"", ""full/dataextract-15/DE-14"", ""full/hermesagent-20/HA-02"", ""full/hermesagent-20/HA-17"", ""full/instructfollow-15/IF-02"", ""full/instructfollow-15/IF-10"", ""full/instructfollow-15/IF-14"", ""full/reasonmath-15/RM-06"", ""full/reasonmath-15/RM-13"", ""full/toolcall-15/TC-03""]",awq-int4/full,0.00012111663818359375,18,off,117,0.78,2,"[""full/cli-40/CLI-32"", ""full/hermesagent-20/HA-11""]",128
low,61,1.0,61,11.475409836065573,7,"[""reasoning/lcb-v6-30/LCBv6-3562"", ""reasoning/lcb-v6-30/LCBv6-3688"", ""reasoning/lcb-v6-30/LCBv6-3696"", ""reasoning/lcb-v6-30/LCBv6-3697"", ""reasoning/lcb-v6-30/LCBv6-3716"", ""reasoning/lcb-v6-30/LCBv6-3754"", ""reasoning/lcb-v6-30/LCBv6-3762""]",awq-int4/reasoning,0.015625,7,off,54,0.8852459016393442,0,[],54
medium,55,0.9016393442622951,61,1.639344262295082,7,"[""reasoning/lcb-v6-30/LCBv6-3562"", ""reasoning/lcb-v6-30/LCBv6-3688"", ""reasoning/lcb-v6-30/LCBv6-3696"", ""reasoning/lcb-v6-30/LCBv6-3697"", ""reasoning/lcb-v6-30/LCBv6-3716"", ""reasoning/lcb-v6-30/LCBv6-3754"", ""reasoning/lcb-v6-30/LCBv6-3762""]",awq-int4/reasoning,1.0,1,off,54,0.8852459016393442,6,"[""reasoning/humaneval-plus-30/HumanEval-1"", ""reasoning/humaneval-plus-30/HumanEval-10"", ""reasoning/humaneval-plus-30/HumanEval-12"", ""reasoning/humaneval-plus-30/HumanEval-17"", ""reasoning/humaneval-plus-30/HumanEval-9"", ""reasoning/lcb-v6-30/LCBv6-3748""]",48
xhigh,61,1.0,61,11.475409836065573,7,"[""reasoning/lcb-v6-30/LCBv6-3562"", ""reasoning/lcb-v6-30/LCBv6-3688"", ""reasoning/lcb-v6-30/LCBv6-3696"", ""reasoning/lcb-v6-30/LCBv6-3697"", ""reasoning/lcb-v6-30/LCBv6-3716"", ""reasoning/lcb-v6-30/LCBv6-3754"", ""reasoning/lcb-v6-30/LCBv6-3762""]",awq-int4/reasoning,0.015625,7,off,54,0.8852459016393442,0,[],54
low,130,0.8666666666666667,150,6.0,14,"[""full/cli-40/CLI-04"", ""full/cli-40/CLI-09"", ""full/cli-40/CLI-12"", ""full/cli-40/CLI-14"", ""full/dataextract-15/DE-04"", ""full/dataextract-15/DE-10"", ""full/dataextract-15/DE-11"", ""full/dataextract-15/DE-14"", ""full/hermesagent-20/HA-02"", ""full/hermesagent-20/HA-17"", ""full/instructfollow-15/IF-10"", ""full/instructfollow-15/IF-14"", ""full/reasonmath-15/RM-05"", ""full/reasonmath-15/RM-13""]",fp8/full,0.063568115234375,9,off,121,0.8066666666666666,5,"[""full/cli-40/CLI-31"", ""full/cli-40/CLI-32"", ""full/hermesagent-20/HA-08"", ""full/instructfollow-15/IF-04"", ""full/toolcall-15/TC-07""]",131
medium,131,0.8733333333333333,150,6.666666666666667,15,"[""full/cli-40/CLI-04"", ""full/cli-40/CLI-09"", ""full/cli-40/CLI-12"", ""full/cli-40/CLI-14"", ""full/cli-40/CLI-19"", ""full/dataextract-15/DE-04"", ""full/dataextract-15/DE-10"", ""full/dataextract-15/DE-11"", ""full/dataextract-15/DE-14"", ""full/hermesagent-20/HA-02"", ""full/hermesagent-20/HA-17"", ""full/instructfollow-15/IF-10"", ""full/instructfollow-15/IF-14"", ""full/reasonmath-15/RM-05"", ""full/reasonmath-15/RM-13""]",fp8/full,0.04138946533203125,10,off,121,0.8066666666666666,5,"[""full/cli-40/CLI-31"", ""full/cli-40/CLI-32"", ""full/hermesagent-20/HA-08"", ""full/instructfollow-15/IF-04"", ""full/toolcall-15/TC-07""]",130
xhigh,133,0.8866666666666667,150,8.0,18,"[""full/cli-40/CLI-04"", ""full/cli-40/CLI-07"", ""full/cli-40/CLI-09"", ""full/cli-40/CLI-12"", ""full/cli-40/CLI-14"", ""full/cli-40/CLI-15"", ""full/cli-40/CLI-20"", ""full/cli-40/CLI-40"", ""full/dataextract-15/DE-04"", ""full/dataextract-15/DE-10"", ""full/dataextract-15/DE-11"", ""full/dataextract-15/DE-14"", ""full/hermesagent-20/HA-02"", ""full/hermesagent-20/HA-17"", ""full/instructfollow-15/IF-10"", ""full/instructfollow-15/IF-14"", ""full/reasonmath-15/RM-05"", ""full/reasonmath-15/RM-13""]",fp8/full,0.022655844688415527,12,off,121,0.8066666666666666,6,"[""full/cli-40/CLI-10"", ""full/cli-40/CLI-31"", ""full/cli-40/CLI-32"", ""full/hermesagent-20/HA-08"", ""full/reasonmath-15/RM-01"", ""full/toolcall-15/TC-07""]",126
low,57,0.9344262295081968,61,1.639344262295082,3,"[""reasoning/lcb-v6-30/LCBv6-3697"", ""reasoning/lcb-v6-30/LCBv6-3715"", ""reasoning/lcb-v6-30/LCBv6-3748""]",fp8/reasoning,1.0,1,off,56,0.9180327868852459,2,"[""reasoning/humaneval-plus-30/HumanEval-21"", ""reasoning/lcb-v6-30/LCBv6-3677""]",56
medium,49,0.8032786885245902,61,-11.475409836065573,4,"[""reasoning/lcb-v6-30/LCBv6-3562"", ""reasoning/lcb-v6-30/LCBv6-3697"", ""reasoning/lcb-v6-30/LCBv6-3715"", ""reasoning/lcb-v6-30/LCBv6-3748""]",fp8/reasoning,0.11846923828125,-7,off,56,0.9180327868852459,11,"[""reasoning/humaneval-plus-30/HumanEval-1"", ""reasoning/humaneval-plus-30/HumanEval-14"", ""reasoning/humaneval-plus-30/HumanEval-17"", ""reasoning/humaneval-plus-30/HumanEval-28"", ""reasoning/humaneval-plus-30/HumanEval-3"", ""reasoning/humaneval-plus-30/HumanEval-5"", ""reasoning/humaneval-plus-30/HumanEval-6"", ""reasoning/humaneval-plus-30/HumanEval-7"", ""reasoning/humaneval-plus-30/HumanEval-8"", ""reasoning/lcb-v6-30/LCBv6-3677"", ""reasoning/lcb-v6-30/LCBv6-3733""]",46
xhigh,60,0.9836065573770492,61,6.557377049180328,5,"[""reasoning/lcb-v6-30/LCBv6-3562"", ""reasoning/lcb-v6-30/LCBv6-3697"", ""reasoning/lcb-v6-30/LCBv6-3715"", ""reasoning/lcb-v6-30/LCBv6-3748"", ""reasoning/lcb-v6-30/LCBv6-3762""]",fp8/reasoning,0.21875,4,off,56,0.9180327868852459,1,"[""reasoning/humaneval-plus-30/HumanEval-22""]",55
low,134,0.8933333333333333,150,12.0,22,"[""full/bugfind-15/BF-10"", ""full/cli-40/CLI-01"", ""full/cli-40/CLI-04"", ""full/cli-40/CLI-07"", ""full/cli-40/CLI-09"", ""full/cli-40/CLI-10"", ""full/cli-40/CLI-12"", ""full/cli-40/CLI-14"", ""full/cli-40/CLI-15"", ""full/cli-40/CLI-17"", ""full/cli-40/CLI-40"", ""full/dataextract-15/DE-10"", ""full/dataextract-15/DE-14"", ""full/hermesagent-20/HA-02"", ""full/hermesagent-20/HA-17"", ""full/instructfollow-15/IF-02"", ""full/instructfollow-15/IF-10"", ""full/instructfollow-15/IF-14"", ""full/reasonmath-15/RM-05"", ""full/reasonmath-15/RM-06"", ""full/reasonmath-15/RM-10"", ""full/reasonmath-15/RM-13""]",gguf-q4-k-m/full,0.0005335211753845215,18,off,116,0.7733333333333333,4,"[""full/cli-40/CLI-31"", ""full/cli-40/CLI-32"", ""full/instructfollow-15/IF-04"", ""full/toolcall-15/TC-07""]",124
medium,132,0.88,150,10.666666666666668,20,"[""full/bugfind-15/BF-10"", ""full/cli-40/CLI-01"", ""full/cli-40/CLI-04"", ""full/cli-40/CLI-07"", ""full/cli-40/CLI-09"", ""full/cli-40/CLI-12"", ""full/cli-40/CLI-14"", ""full/cli-40/CLI-15"", ""full/cli-40/CLI-17"", ""full/cli-40/CLI-40"", ""full/dataextract-15/DE-10"", ""full/dataextract-15/DE-14"", ""full/hermesagent-20/HA-02"", ""full/hermesagent-20/HA-17"", ""full/instructfollow-15/IF-02"", ""full/instructfollow-15/IF-10"", ""full/instructfollow-15/IF-14"", ""full/reasonmath-15/RM-05"", ""full/reasonmath-15/RM-10"", ""full/reasonmath-15/RM-13""]",gguf-q4-k-m/full,0.001543879508972168,16,off,116,0.7733333333333333,4,"[""full/cli-40/CLI-31"", ""full/cli-40/CLI-32"", ""full/instructfollow-15/IF-04"", ""full/toolcall-15/TC-07""]",126
xhigh,134,0.8933333333333333,150,12.0,24,"[""full/bugfind-15/BF-10"", ""full/cli-40/CLI-01"", ""full/cli-40/CLI-04"", ""full/cli-40/CLI-07"", ""full/cli-40/CLI-08"", ""full/cli-40/CLI-09"", ""full/cli-40/CLI-12"", ""full/cli-40/CLI-14"", ""full/cli-40/CLI-17"", ""full/cli-40/CLI-19"", ""full/cli-40/CLI-40"", ""full/dataextract-15/DE-10"", ""full/dataextract-15/DE-14"", ""full/hermesagent-20/HA-02"", ""full/hermesagent-20/HA-08"", ""full/hermesagent-20/HA-17"", ""full/hermesagent-20/HA-20"", ""full/instructfollow-15/IF-02"", ""full/instructfollow-15/IF-10"", ""full/instructfollow-15/IF-14"", ""full/reasonmath-15/RM-05"", ""full/reasonmath-15/RM-06"", ""full/reasonmath-15/RM-10"", ""full/reasonmath-15/RM-13""]",gguf-q4-k-m/full,0.001430906355381012,18,off,116,0.7733333333333333,6,"[""full/cli-40/CLI-31"", ""full/cli-40/CLI-32"", ""full/hermesagent-20/HA-11"", ""full/hermesagent-20/HA-19"", ""full/instructfollow-15/IF-01"", ""full/toolcall-15/TC-07""]",120
low,56,0.9180327868852459,61,1.639344262295082,4,"[""reasoning/lcb-v6-30/LCBv6-3562"", ""reasoning/lcb-v6-30/LCBv6-3697"", ""reasoning/lcb-v6-30/LCBv6-3725"", ""reasoning/lcb-v6-30/LCBv6-3771""]",gguf-q4-k-m/reasoning,1.0,1,off,55,0.9016393442622951,3,"[""reasoning/humaneval-plus-30/HumanEval-10"", ""reasoning/lcb-v6-30/LCBv6-3674"", ""reasoning/lcb-v6-30/LCBv6-3702""]",54
medium,53,0.8688524590163934,61,-3.278688524590164,5,"[""reasoning/lcb-v6-30/LCBv6-3562"", ""reasoning/lcb-v6-30/LCBv6-3697"", ""reasoning/lcb-v6-30/LCBv6-3725"", ""reasoning/lcb-v6-30/LCBv6-3762"", ""reasoning/lcb-v6-30/LCBv6-3771""]",gguf-q4-k-m/reasoning,0.7744140625,-2,off,55,0.9016393442622951,7,"[""reasoning/humaneval-plus-30/HumanEval-12"", ""reasoning/humaneval-plus-30/HumanEval-14"", ""reasoning/humaneval-plus-30/HumanEval-17"", ""reasoning/humaneval-plus-30/HumanEval-25"", ""reasoning/humaneval-plus-30/HumanEval-6"", ""reasoning/lcb-v6-30/LCBv6-3677"", ""reasoning/lcb-v6-30/LCBv6-3715""]",49
xhigh,60,0.9836065573770492,61,8.19672131147541,6,"[""reasoning/lcb-v6-30/LCBv6-3562"", ""reasoning/lcb-v6-30/LCBv6-3697"", ""reasoning/lcb-v6-30/LCBv6-3725"", ""reasoning/lcb-v6-30/LCBv6-3733"", ""reasoning/lcb-v6-30/LCBv6-3762"", ""reasoning/lcb-v6-30/LCBv6-3771""]",gguf-q4-k-m/reasoning,0.125,5,off,55,0.9016393442622951,1,"[""reasoning/humaneval-plus-30/HumanEval-22""]",54
low,125,0.8333333333333334,150,4.0,13,"[""full/cli-40/CLI-01"", ""full/cli-40/CLI-04"", ""full/cli-40/CLI-05"", ""full/cli-40/CLI-12"", ""full/cli-40/CLI-14"", ""full/cli-40/CLI-17"", ""full/dataextract-15/DE-14"", ""full/hermesagent-20/HA-02"", ""full/instructfollow-15/IF-10"", ""full/instructfollow-15/IF-14"", ""full/reasonmath-15/RM-05"", ""full/reasonmath-15/RM-13"", ""full/toolcall-15/TC-07""]",ninfer/full,0.26317596435546875,6,off,119,0.7933333333333333,7,"[""full/bugfind-15/BF-09"", ""full/cli-40/CLI-11"", ""full/cli-40/CLI-31"", ""full/cli-40/CLI-32"", ""full/dataextract-15/DE-05"", ""full/hermesagent-20/HA-08"", ""full/instructfollow-15/IF-04""]",130
medium,126,0.84,150,4.666666666666667,14,"[""full/cli-40/CLI-01"", ""full/cli-40/CLI-04"", ""full/cli-40/CLI-05"", ""full/cli-40/CLI-07"", ""full/cli-40/CLI-14"", ""full/cli-40/CLI-15"", ""full/cli-40/CLI-17"", ""full/cli-40/CLI-20"", ""full/dataextract-15/DE-14"", ""full/hermesagent-20/HA-02"", ""full/hermesagent-20/HA-06"", ""full/instructfollow-15/IF-14"", ""full/reasonmath-15/RM-05"", ""full/reasonmath-15/RM-13""]",ninfer/full,0.18924713134765625,7,off,119,0.7933333333333333,7,"[""full/bugfind-15/BF-09"", ""full/cli-40/CLI-31"", ""full/cli-40/CLI-32"", ""full/cli-40/CLI-37"", ""full/hermesagent-20/HA-08"", ""full/hermesagent-20/HA-19"", ""full/instructfollow-15/IF-04""]",129
xhigh,132,0.88,150,8.666666666666668,20,"[""full/cli-40/CLI-01"", ""full/cli-40/CLI-04"", ""full/cli-40/CLI-05"", ""full/cli-40/CLI-07"", ""full/cli-40/CLI-08"", ""full/cli-40/CLI-12"", ""full/cli-40/CLI-14"", ""full/cli-40/CLI-15"", ""full/cli-40/CLI-17"", ""full/cli-40/CLI-19"", ""full/dataextract-15/DE-14"", ""full/hermesagent-20/HA-02"", ""full/hermesagent-20/HA-06"", ""full/instructfollow-15/IF-10"", ""full/instructfollow-15/IF-14"", ""full/reasonmath-15/RM-04"", ""full/reasonmath-15/RM-05"", ""full/reasonmath-15/RM-06"", ""full/reasonmath-15/RM-13"", ""full/toolcall-15/TC-07""]",ninfer/full,0.0191572904586792,13,off,119,0.7933333333333333,7,"[""full/bugfind-15/BF-10"", ""full/cli-40/CLI-11"", ""full/cli-40/CLI-13"", ""full/cli-40/CLI-31"", ""full/hermesagent-20/HA-08"", ""full/hermesagent-20/HA-11"", ""full/hermesagent-20/HA-18""]",123
low,57,0.9344262295081968,61,3.278688524590164,4,"[""reasoning/lcb-v6-30/LCBv6-3696"", ""reasoning/lcb-v6-30/LCBv6-3725"", ""reasoning/lcb-v6-30/LCBv6-3748"", ""reasoning/lcb-v6-30/LCBv6-3754""]",ninfer/reasoning,0.6875,2,off,55,0.9016393442622951,2,"[""reasoning/humaneval-plus-30/HumanEval-22"", ""reasoning/humaneval-plus-30/HumanEval-4""]",55
medium,53,0.8688524590163934,61,-3.278688524590164,5,"[""reasoning/lcb-v6-30/LCBv6-3562"", ""reasoning/lcb-v6-30/LCBv6-3696"", ""reasoning/lcb-v6-30/LCBv6-3725"", ""reasoning/lcb-v6-30/LCBv6-3733"", ""reasoning/lcb-v6-30/LCBv6-3754""]",ninfer/reasoning,0.7744140625,-2,off,55,0.9016393442622951,7,"[""reasoning/humaneval-plus-30/HumanEval-0"", ""reasoning/humaneval-plus-30/HumanEval-1"", ""reasoning/humaneval-plus-30/HumanEval-17"", ""reasoning/humaneval-plus-30/HumanEval-22"", ""reasoning/humaneval-plus-30/HumanEval-3"", ""reasoning/humaneval-plus-30/HumanEval-5"", ""reasoning/humaneval-plus-30/HumanEval-7""]",49
xhigh,59,0.9672131147540983,61,6.557377049180328,5,"[""reasoning/lcb-v6-30/LCBv6-3562"", ""reasoning/lcb-v6-30/LCBv6-3696"", ""reasoning/lcb-v6-30/LCBv6-3733"", ""reasoning/lcb-v6-30/LCBv6-3748"", ""reasoning/lcb-v6-30/LCBv6-3754""]",ninfer/reasoning,0.21875,4,off,55,0.9016393442622951,1,"[""reasoning/lcb-v6-30/LCBv6-3697""]",55
low,131,0.8733333333333333,150,6.0,13,"[""full/cli-40/CLI-01"", ""full/cli-40/CLI-09"", ""full/cli-40/CLI-12"", ""full/cli-40/CLI-20"", ""full/dataextract-15/DE-10"", ""full/dataextract-15/DE-14"", ""full/hermesagent-20/HA-02"", ""full/hermesagent-20/HA-19"", ""full/instructfollow-15/IF-10"", ""full/instructfollow-15/IF-14"", ""full/reasonmath-15/RM-06"", ""full/reasonmath-15/RM-13"", ""full/reasonmath-15/RM-15""]",nvfp4/full,0.049041748046875,9,off,122,0.8133333333333334,4,"[""full/cli-40/CLI-10"", ""full/cli-40/CLI-31"", ""full/hermesagent-20/HA-08"", ""full/toolcall-15/TC-07""]",133
medium,130,0.8666666666666667,150,5.333333333333334,13,"[""full/cli-40/CLI-01"", ""full/cli-40/CLI-07"", ""full/cli-40/CLI-09"", ""full/cli-40/CLI-12"", ""full/cli-40/CLI-17"", ""full/dataextract-15/DE-10"", ""full/dataextract-15/DE-14"", ""full/hermesagent-20/HA-02"", ""full/hermesagent-20/HA-17"", ""full/hermesagent-20/HA-19"", ""full/instructfollow-15/IF-14"", ""full/reasonmath-15/RM-13"", ""full/reasonmath-15/RM-15""]",nvfp4/full,0.09625244140625,8,off,122,0.8133333333333334,5,"[""full/cli-40/CLI-10"", ""full/cli-40/CLI-31"", ""full/cli-40/CLI-32"", ""full/instructfollow-15/IF-02"", ""full/toolcall-15/TC-07""]",132
xhigh,134,0.8933333333333333,150,8.0,16,"[""full/cli-40/CLI-01"", ""full/cli-40/CLI-07"", ""full/cli-40/CLI-08"", ""full/cli-40/CLI-09"", ""full/cli-40/CLI-12"", ""full/cli-40/CLI-14"", ""full/dataextract-15/DE-10"", ""full/dataextract-15/DE-14"", ""full/hermesagent-20/HA-02"", ""full/hermesagent-20/HA-17"", ""full/hermesagent-20/HA-19"", ""full/instructfollow-15/IF-10"", ""full/instructfollow-15/IF-14"", ""full/reasonmath-15/RM-06"", ""full/reasonmath-15/RM-13"", ""full/reasonmath-15/RM-15""]",nvfp4/full,0.01181793212890625,12,off,122,0.8133333333333334,4,"[""full/cli-40/CLI-10"", ""full/cli-40/CLI-31"", ""full/cli-40/CLI-32"", ""full/toolcall-15/TC-07""]",130
low,61,1.0,61,32.78688524590164,20,"[""reasoning/humaneval-plus-30/HumanEval-0"", ""reasoning/humaneval-plus-30/HumanEval-1"", ""reasoning/humaneval-plus-30/HumanEval-12"", ""reasoning/humaneval-plus-30/HumanEval-14"", ""reasoning/humaneval-plus-30/HumanEval-17"", ""reasoning/humaneval-plus-30/HumanEval-20"", ""reasoning/humaneval-plus-30/HumanEval-21"", ""reasoning/humaneval-plus-30/HumanEval-22"", ""reasoning/humaneval-plus-30/HumanEval-25"", ""reasoning/humaneval-plus-30/HumanEval-26"", ""reasoning/humaneval-plus-30/HumanEval-29"", ""reasoning/humaneval-plus-30/HumanEval-3"", ""reasoning/humaneval-plus-30/HumanEval-4"", ""reasoning/humaneval-plus-30/HumanEval-5"", ""reasoning/humaneval-plus-30/HumanEval-6"", ""reasoning/humaneval-plus-30/HumanEval-7"", ""reasoning/humaneval-plus-30/HumanEval-9"", ""reasoning/lcb-v6-30/LCBv6-3696"", ""reasoning/lcb-v6-30/LCBv6-3720"", ""reasoning/lcb-v6-30/LCBv6-3733""]",nvfp4/reasoning,1.9073486328125e-06,20,off,41,0.6721311475409836,0,[],41
medium,53,0.8688524590163934,61,19.672131147540984,15,"[""reasoning/humaneval-plus-30/HumanEval-0"", ""reasoning/humaneval-plus-30/HumanEval-12"", ""reasoning/humaneval-plus-30/HumanEval-14"", ""reasoning/humaneval-plus-30/HumanEval-17"", ""reasoning/humaneval-plus-30/HumanEval-20"", ""reasoning/humaneval-plus-30/HumanEval-21"", ""reasoning/humaneval-plus-30/HumanEval-25"", ""reasoning/humaneval-plus-30/HumanEval-29"", ""reasoning/humaneval-plus-30/HumanEval-3"", ""reasoning/humaneval-plus-30/HumanEval-4"", ""reasoning/humaneval-plus-30/HumanEval-5"", ""reasoning/humaneval-plus-30/HumanEval-9"", ""reasoning/lcb-v6-30/LCBv6-3696"", ""reasoning/lcb-v6-30/LCBv6-3720"", ""reasoning/lcb-v6-30/LCBv6-3733""]",nvfp4/reasoning,0.007537841796875,12,off,41,0.6721311475409836,3,"[""reasoning/humaneval-plus-30/HumanEval-28"", ""reasoning/lcb-v6-30/LCBv6-3674"", ""reasoning/lcb-v6-30/LCBv6-3762""]",43
xhigh,61,1.0,61,32.78688524590164,20,"[""reasoning/humaneval-plus-30/HumanEval-0"", ""reasoning/humaneval-plus-30/HumanEval-1"", ""reasoning/humaneval-plus-30/HumanEval-12"", ""reasoning/humaneval-plus-30/HumanEval-14"", ""reasoning/humaneval-plus-30/HumanEval-17"", ""reasoning/humaneval-plus-30/HumanEval-20"", ""reasoning/humaneval-plus-30/HumanEval-21"", ""reasoning/humaneval-plus-30/HumanEval-22"", ""reasoning/humaneval-plus-30/HumanEval-25"", ""reasoning/humaneval-plus-30/HumanEval-26"", ""reasoning/humaneval-plus-30/HumanEval-29"", ""reasoning/humaneval-plus-30/HumanEval-3"", ""reasoning/humaneval-plus-30/HumanEval-4"", ""reasoning/humaneval-plus-30/HumanEval-5"", ""reasoning/humaneval-plus-30/HumanEval-6"", ""reasoning/humaneval-plus-30/HumanEval-7"", ""reasoning/humaneval-plus-30/HumanEval-9"", ""reasoning/lcb-v6-30/LCBv6-3696"", ""reasoning/lcb-v6-30/LCBv6-3720"", ""reasoning/lcb-v6-30/LCBv6-3733""]",nvfp4/reasoning,1.9073486328125e-06,20,off,41,0.6721311475409836,0,[],41
